vrsta,lokalitet,tlo,staniste,stanje_biljke,mjesec_sakupljanja,duljina_latica,duljina_lista,povrsina_lista,visina_biljke,fotosintetska_aktivnost
Iris setosa,Kanada,siromasno,livadno,dobro,lipanj,40.8,21.2,219,56.87,76.87
Iris setosa,Kanada,siromasno,livadno,dobro,svibanj,48.7,18.8,252,46.77,66.77
Iris setosa,Kanada,siromasno,livadno,dobro,lipanj,50.3,18.5,232,58.19,78.19
Iris setosa,Kanada,siromasno,livadno,dobro,lipanj,57.7,20.9,207,57.6,77.6
Iris setosa,Kanada,siromasno,livadno,srednje,lipanj,53.4,17.5,212,45.2,65.2
Iris setosa,Kanada,siromasno,livadno,dobro,lipanj,57.4,18.7,244,53.56,73.56
Iris setosa,Kanada,siromasno,livadno,srednje,lipanj,35.6,16.3,216,46.74,66.74
Iris setosa,Kanada,siromasno,livadno,srednje,lipanj,42.4,15.3,213,51.2,71.2
Iris setosa,Kanada,siromasno,livadno,dobro,lipanj,53.3,15.9,222,55.13,75.13
Iris setosa,Kanada,siromasno,livadno,srednje,lipanj,51.7,19.2,188,49.81,69.81
Iris setosa,Kanada,siromasno,livadno,dobro,lipanj,58.9,18.2,234,51.48,71.48
Iris setosa,Kanada,siromasno,livadno,srednje,lipanj,44,13.6,231,44.87,64.87
Iris setosa,Kanada,siromasno,livadno,srednje,lipanj,39.5,20.6,209,45.53,65.53
Iris setosa,Kanada,siromasno,livadno,dobro,lipanj,65.8,19.2,235,55.1,75.1
Iris setosa,Kanada,siromasno,livadno,srednje,lipanj,53.1,17,235,51.76,71.76
Iris setosa,Kanada,siromasno,livadno,srednje,lipanj,51.8,13.8,209,55.3,75.3
Iris setosa,Kanada,siromasno,livadno,srednje,lipanj,36.5,18.2,188,46.57,66.57
Iris setosa,Kanada,siromasno,livadno,srednje,lipanj,45.4,15.9,173,45.3,65.3
Iris setosa,Kanada,siromasno,livadno,srednje,lipanj,47,15.9,235,52.21,72.21
Iris setosa,Kanada,siromasno,livadno,dobro,lipanj,38.3,19.8,249,58.03,78.03
Iris setosa,Kanada,siromasno,livadno,srednje,lipanj,46.3,17.2,201,49.08,69.08
Iris setosa,Kanada,siromasno,livadno,dobro,lipanj,50.4,17.1,244,53.39,73.39
Iris setosa,Kanada,siromasno,livadno,srednje,lipanj,45.2,14.2,229,45.28,65.28
Iris setosa,Kanada,siromasno,livadno,srednje,lipanj,48.2,17.3,201,45.8,65.8
Iris setosa,Kanada,siromasno,livadno,srednje,lipanj,49.5,17.2,219,45.45,65.45
Iris setosa,Kanada,siromasno,livadno,srednje,lipanj,39.5,22.2,186,53.11,73.11
Iris setosa,Kanada,siromasno,livadno,srednje,lipanj,51.6,12.5,212,49.76,69.76
Iris setosa,Kanada,siromasno,livadno,srednje,lipanj,48.5,17.3,186,50.65,70.65
Iris setosa,Kanada,bogato,livadno,srednje,lipanj,56.3,14.4,220,60.25,80.25
Iris setosa,Kanada,bogato,livadno,srednje,lipanj,58.2,17,237,56.82,76.82
Iris setosa,Kanada,bogato,livadno,dobro,lipanj,64.7,21.4,235,76.87,96.87
Iris setosa,Kanada,bogato,livadno,dobro,lipanj,63.7,20.7,256,75.43,95.43
Iris setosa,Kanada,bogato,livadno,srednje,lipanj,46.5,20.8,227,61,81
Iris setosa,Kanada,bogato,livadno,dobro,lipanj,59.6,22.5,258,63.17,83.17
Iris setosa,Kanada,bogato,livadno,dobro,lipanj,62.5,19.8,242,81.28,101.28
Iris setosa,Kanada,bogato,livadno,srednje,lipanj,50.9,18.7,236,57.4,77.4
Iris setosa,Kanada,bogato,livadno,dobro,lipanj,44.1,20.9,266,75.23,95.23
Iris setosa,Kanada,bogato,livadno,dobro,lipanj,64,21.5,270,61.12,81.12
Iris setosa,Kanada,bogato,livadno,srednje,lipanj,62.3,14.8,235,56.95,76.95
Iris setosa,Kanada,bogato,livadno,dobro,lipanj,53.7,17.9,208,66.55,86.55
Iris setosa,Kanada,bogato,livadno,dobro,lipanj,69,18.1,268,76.09,96.09
Iris setosa,Kanada,bogato,livadno,srednje,lipanj,48.6,15.8,240,57.39,77.39
Iris setosa,Kanada,bogato,livadno,srednje,lipanj,52,15.6,214,70.29,90.29
Iris setosa,Kanada,bogato,livadno,dobro,lipanj,71.2,16.2,244,61.46,81.46
Iris setosa,Kanada,bogato,livadno,dobro,svibanj,60.1,21.7,274,57.47,77.47
Iris setosa,Kanada,bogato,livadno,srednje,lipanj,55,19.9,226,59.14,79.14
Iris setosa,Kanada,bogato,livadno,srednje,lipanj,51.2,21.2,243,58.86,78.86
Iris setosa,Kanada,bogato,livadno,dobro,lipanj,49.3,16.9,278,67.77,87.77
Iris setosa,Kanada,bogato,livadno,srednje,lipanj,44.8,19.5,241,54.1,74.1
Iris setosa,Kanada,bogato,livadno,dobro,lipanj,54.4,18.8,288,62.92,82.92
Iris setosa,Kanada,bogato,livadno,srednje,lipanj,41.5,17.4,251,61.93,81.93
Iris setosa,Kanada,bogato,livadno,srednje,svibanj,53,19.6,217,50.41,70.41
Iris setosa,Kanada,bogato,livadno,srednje,lipanj,59.6,17.2,244,65.61,85.61
Iris setosa,Kanada,bogato,livadno,srednje,lipanj,55.9,18.7,217,58.62,78.62
Iris setosa,Kanada,bogato,livadno,srednje,lipanj,56.3,18.5,211,54.16,74.16
Iris setosa,Kanada,siromasno,sumsko,srednje,travanj,35.5,18.8,190,36.77,56.77
Iris setosa,Kanada,siromasno,sumsko,srednje,lipanj,28.7,14.2,185,44.81,64.81
Iris setosa,Kanada,siromasno,sumsko,srednje,lipanj,25.4,16.6,161,47.45,67.45
Iris setosa,Kanada,bogato,sumsko,dobro,svibanj,30.4,19.1,209,57.96,77.96
Iris setosa,Kanada,bogato,sumsko,srednje,travanj,33,15.7,205,35.8,55.8
Iris setosa,Kanada,siromasno,sumsko,srednje,travanj,26.5,15.5,179,36.56,56.56
Iris setosa,Kanada,siromasno,sumsko,srednje,travanj,23.9,19.1,175,36.88,56.88
Iris setosa,Kanada,siromasno,sumsko,srednje,svibanj,31.3,18.2,171,42.64,62.64
Iris setosa,Kanada,siromasno,sumsko,dobro,lipanj,26.2,19.4,188,50.9,70.9
Iris setosa,Kanada,siromasno,sumsko,srednje,lipanj,24.1,17.5,207,45.17,65.17
Iris setosa,Kanada,siromasno,sumsko,srednje,travanj,29,13.3,175,35,55
Iris setosa,Kanada,siromasno,sumsko,dobro,svibanj,35.7,18,186,47.01,67.01
Iris setosa,Kanada,siromasno,sumsko,srednje,travanj,22.8,23.5,195,31.56,51.56
Iris setosa,Kanada,siromasno,sumsko,srednje,travanj,21.8,17.4,165,36.36,56.36
Iris setosa,Kanada,siromasno,sumsko,srednje,svibanj,21.7,17.8,189,40.58,60.58
Iris setosa,Kanada,siromasno,sumsko,dobro,svibanj,27,15.2,188,47.62,67.62
Iris setosa,Kanada,siromasno,sumsko,srednje,travanj,27.1,16.5,167,34.24,54.24
Iris setosa,Kanada,siromasno,sumsko,dobro,svibanj,30.1,18.3,201,45.3,65.3
Iris setosa,Kanada,siromasno,sumsko,srednje,travanj,30.9,15.5,170,30.1,50.1
Iris setosa,Kanada,siromasno,sumsko,srednje,svibanj,24.3,18.1,174,40.34,60.34
Iris setosa,Kanada,siromasno,sumsko,dobro,svibanj,24.5,18.1,201,44.41,64.41
Iris setosa,Kanada,siromasno,sumsko,srednje,svibanj,23.1,15.6,188,42.72,62.72
Iris setosa,Kanada,siromasno,sumsko,dobro,travanj,31.4,16.1,195,40.74,60.74
Iris setosa,Kanada,siromasno,sumsko,dobro,svibanj,30.9,16.8,221,43.35,63.35
Iris setosa,Kanada,siromasno,sumsko,dobro,travanj,35.9,17,207,37.1,57.1
Iris setosa,Kanada,siromasno,sumsko,srednje,travanj,24.5,16.3,181,34.53,54.53
Iris setosa,Kanada,siromasno,sumsko,srednje,svibanj,31.6,16,175,37.57,57.57
Iris setosa,Kanada,siromasno,sumsko,dobro,svibanj,37.4,17.7,202,47.14,67.14
Iris setosa,Kanada,siromasno,sumsko,srednje,travanj,28.2,13.6,188,34.44,54.44
Iris setosa,Kanada,bogato,sumsko,srednje,lipanj,22.3,15.8,187,52.09,72.09
Iris setosa,Kanada,bogato,sumsko,srednje,lipanj,30.9,21.2,187,60.64,80.64
Iris setosa,Kanada,bogato,sumsko,srednje,svibanj,29.5,22.1,241,48.47,68.47
Iris setosa,Kanada,bogato,sumsko,srednje,svibanj,27.3,17.8,181,47.91,67.91
Iris setosa,Kanada,bogato,sumsko,srednje,svibanj,29.6,17.2,186,46.96,66.96
Iris setosa,Kanada,bogato,sumsko,srednje,svibanj,32.8,17.6,190,48.68,68.68
Iris setosa,Kanada,bogato,sumsko,srednje,travanj,38.4,16.5,186,43.37,63.37
Iris setosa,Kanada,bogato,sumsko,srednje,travanj,23.8,15.7,213,37.2,57.2
Iris setosa,Kanada,bogato,sumsko,dobro,svibanj,33.8,19.1,215,52.64,72.64
Iris setosa,Kanada,bogato,sumsko,dobro,travanj,38,21.2,239,45.92,65.92
Iris setosa,Kanada,bogato,sumsko,srednje,lipanj,25.4,15.7,219,51.39,71.39
Iris setosa,Kanada,bogato,sumsko,srednje,travanj,27.3,18.2,195,44.19,64.19
Iris setosa,Kanada,bogato,sumsko,srednje,travanj,25.9,15.8,190,40.5,60.5
Iris setosa,Kanada,bogato,sumsko,srednje,travanj,18.8,19.1,170,43.29,63.29
Iris setosa,Kanada,bogato,sumsko,dobro,travanj,33.5,18,191,50.6,70.6
Iris setosa,Kanada,bogato,sumsko,dobro,svibanj,24,21.2,207,58.33,78.33
Iris setosa,Kanada,bogato,sumsko,dobro,travanj,37.5,20.1,202,49.67,69.67
Iris setosa,Kanada,bogato,sumsko,srednje,svibanj,20.8,15.9,207,49.34,69.34
Iris setosa,Kanada,bogato,sumsko,srednje,svibanj,28,21.5,211,47.57,67.57
Iris setosa,Kanada,bogato,sumsko,srednje,travanj,25,18.3,225,42.35,62.35
Iris setosa,Kanada,siromasno,planinsko,lose,lipanj,35.3,9.7,170,33.42,53.42
Iris setosa,Kanada,siromasno,planinsko,lose,svibanj,32.1,18.1,179,29.03,49.03
Iris setosa,Kanada,siromasno,planinsko,lose,svibanj,30.2,13.7,143,28.4,48.4
Iris setosa,Kanada,siromasno,planinsko,lose,travanj,34.2,16.7,185,27.91,47.91
Iris setosa,Kanada,siromasno,planinsko,lose,svibanj,21.7,16.9,168,30.17,50.17
Iris setosa,Kanada,siromasno,planinsko,lose,travanj,32.9,16.8,174,27.97,47.97
Iris setosa,Kanada,siromasno,planinsko,lose,svibanj,36.9,12.2,165,28.57,48.57
Iris setosa,Kanada,siromasno,planinsko,lose,svibanj,24.3,17,174,31.6,51.6
Iris setosa,Kanada,siromasno,planinsko,lose,svibanj,28.7,14.1,173,30.9,50.9
Iris setosa,Kanada,siromasno,planinsko,lose,travanj,20.8,14.8,159,27.31,47.31
Iris setosa,Kanada,siromasno,planinsko,lose,svibanj,28.4,14.8,166,31.45,51.45
Iris setosa,Kanada,siromasno,planinsko,lose,svibanj,27.3,13.8,175,30.07,50.07
Iris setosa,Kanada,siromasno,planinsko,lose,lipanj,39.1,14.4,185,32.27,52.27
Iris setosa,Kanada,siromasno,planinsko,lose,lipanj,28.2,15.3,166,32.84,52.84
Iris setosa,Kanada,siromasno,planinsko,lose,travanj,32,13.1,157,26.78,46.78
Iris setosa,Kanada,siromasno,planinsko,lose,svibanj,37.3,11.7,174,31.53,51.53
Iris setosa,Kanada,siromasno,planinsko,lose,lipanj,19.6,16.8,167,33.27,53.27
Iris setosa,Kanada,siromasno,planinsko,lose,svibanj,31.2,15.6,178,30.42,50.42
Iris setosa,Kanada,siromasno,planinsko,lose,svibanj,25,11.3,162,31.38,51.38
Iris setosa,Kanada,siromasno,planinsko,lose,svibanj,25.1,15.8,156,30.45,50.45
Iris setosa,Kanada,bogato,planinsko,lose,lipanj,28.7,15.2,203,38.6,58.6
Iris setosa,Kanada,bogato,planinsko,lose,travanj,27.8,14.7,176,31.08,51.08
Iris setosa,Kanada,bogato,planinsko,lose,svibanj,39.1,13.5,207,35.98,55.98
Iris setosa,Kanada,bogato,planinsko,lose,lipanj,48.6,14.4,178,38.68,58.68
Iris setosa,Kanada,bogato,planinsko,lose,travanj,37.3,13.3,187,33.23,53.23
Iris setosa,Kanada,bogato,planinsko,lose,travanj,27.4,16.5,184,33.79,53.79
Iris setosa,Kanada,bogato,planinsko,lose,lipanj,28.3,18.4,186,41.25,61.25
Iris setosa,Kanada,bogato,planinsko,lose,travanj,37.9,15.7,183,32.57,52.57
Iris setosa,Kanada,bogato,planinsko,lose,lipanj,31.3,16.9,197,38.25,58.25
Iris setosa,Kanada,bogato,planinsko,lose,lipanj,27.2,15.3,203,38.11,58.11
Iris setosa,Kanada,bogato,planinsko,lose,svibanj,42.2,14.6,188,36.94,56.94
Iris setosa,Kanada,bogato,planinsko,lose,lipanj,40,17.9,188,39.02,59.02
Iris setosa,Kanada,bogato,planinsko,lose,svibanj,25.7,16.2,199,34.9,54.9
Iris setosa,Kanada,bogato,planinsko,lose,svibanj,35.2,17.8,188,35.52,55.52
Iris setosa,Kanada,bogato,planinsko,lose,svibanj,37.5,18.7,199,34.8,54.8
Iris setosa,Kanada,bogato,planinsko,lose,svibanj,34.6,18.7,191,35.81,55.81
Iris setosa,Kanada,bogato,planinsko,lose,lipanj,38,17.4,185,41.61,61.61
Iris setosa,Kanada,bogato,planinsko,lose,svibanj,27.4,15.5,189,36.64,56.64
Iris setosa,Kanada,bogato,planinsko,lose,svibanj,26.4,13.6,207,36.53,56.53
Iris setosa,Kanada,bogato,planinsko,lose,travanj,38.4,18,187,30.49,50.49
Iris setosa,Kanada,bogato,planinsko,lose,svibanj,32.8,11.6,182,35.72,55.72
Iris setosa,Kanada,bogato,planinsko,lose,svibanj,36.1,14.5,211,34.79,54.79
Iris setosa,Kanada,siromasno,mocvarno,dobro,lipanj,41.8,18.4,224,51.71,71.71
Iris setosa,Kanada,siromasno,mocvarno,dobro,svibanj,39.1,18,189,49.22,69.22
Iris setosa,Kanada,bogato,mocvarno,dobro,svibanj,51.8,20,239,51.57,71.57
Iris setosa,Kanada,bogato,mocvarno,dobro,travanj,53.8,18.5,213,45.32,65.32
Iris setosa,Kanada,bogato,mocvarno,srednje,lipanj,47.2,18.3,190,62.16,82.16
Iris setosa,Kanada,bogato,mocvarno,dobro,svibanj,55.5,23.7,244,51.3,71.3
Iris setosa,Kanada,bogato,mocvarno,dobro,svibanj,44.1,21.1,232,52.19,72.19
Iris setosa,Aljaska,siromasno,livadno,srednje,svibanj,48.3,19.6,203,42.02,62.02
Iris setosa,Aljaska,siromasno,livadno,srednje,lipanj,56.2,16,194,48.54,68.54
Iris setosa,Aljaska,siromasno,livadno,srednje,lipanj,51.7,16.2,213,48.56,68.56
Iris setosa,Aljaska,siromasno,livadno,dobro,svibanj,66,16.4,246,48.19,68.19
Iris setosa,Aljaska,siromasno,livadno,srednje,lipanj,46.6,19.1,213,56.26,76.26
Iris setosa,Aljaska,siromasno,livadno,dobro,lipanj,54.9,19.3,237,54.24,74.24
Iris setosa,Aljaska,siromasno,livadno,dobro,lipanj,48.3,21.3,207,64.26,84.26
Iris setosa,Aljaska,siromasno,livadno,dobro,lipanj,66.4,18.1,257,51.46,71.46
Iris setosa,Aljaska,siromasno,livadno,srednje,lipanj,33.3,15.7,263,49.79,69.79
Iris setosa,Aljaska,siromasno,livadno,dobro,lipanj,55.4,20.5,223,54.38,74.38
Iris setosa,Aljaska,bogato,livadno,dobro,svibanj,65,19.4,256,59.2,79.2
Iris setosa,Aljaska,bogato,livadno,srednje,lipanj,35.8,18.9,240,54.7,74.7
Iris setosa,Aljaska,bogato,livadno,srednje,lipanj,53.7,16.6,219,57.11,77.11
Iris setosa,Aljaska,bogato,livadno,dobro,lipanj,48.6,18.4,258,72.73,92.73
Iris setosa,Aljaska,bogato,livadno,dobro,lipanj,65.9,23.8,254,63.18,83.18
Iris setosa,Aljaska,bogato,livadno,dobro,svibanj,78.4,18.9,259,54.45,74.45
Iris setosa,Aljaska,bogato,livadno,srednje,lipanj,46.7,16.8,228,53.68,73.68
Iris setosa,Aljaska,bogato,livadno,srednje,lipanj,50.7,15.8,256,52.28,72.28
Iris setosa,Aljaska,bogato,sumsko,srednje,svibanj,30,21.8,197,46.85,66.85
Iris setosa,Aljaska,bogato,sumsko,dobro,travanj,37,18.6,213,45.92,65.92
Iris setosa,Aljaska,siromasno,sumsko,dobro,travanj,41.4,19.3,182,39.83,59.83
Iris setosa,Aljaska,siromasno,sumsko,srednje,travanj,26.2,21.4,187,35.48,55.48
Iris setosa,Aljaska,siromasno,sumsko,srednje,svibanj,19.6,15.9,169,39.81,59.81
Iris setosa,Aljaska,siromasno,sumsko,dobro,lipanj,23.6,18.2,216,57.34,77.34
Iris setosa,Aljaska,siromasno,sumsko,dobro,travanj,28.4,19.1,204,37.41,57.41
Iris setosa,Aljaska,siromasno,sumsko,srednje,travanj,31.3,15.7,187,33.46,53.46
Iris setosa,Aljaska,siromasno,sumsko,dobro,travanj,29.8,23.4,198,38.42,58.42
Iris setosa,Aljaska,siromasno,sumsko,srednje,travanj,26.6,19,202,34.03,54.03
Iris setosa,Aljaska,siromasno,sumsko,srednje,svibanj,25.2,18.4,191,38.61,58.61
Iris setosa,Aljaska,siromasno,sumsko,srednje,svibanj,31.8,21.2,155,38.79,58.79
Iris setosa,Aljaska,siromasno,sumsko,srednje,travanj,27.1,20.4,178,36.65,56.65
Iris setosa,Aljaska,siromasno,sumsko,srednje,travanj,30.8,17.2,179,34.13,54.13
Iris setosa,Aljaska,siromasno,sumsko,srednje,svibanj,21.2,16.4,187,39.6,59.6
Iris setosa,Aljaska,siromasno,sumsko,srednje,svibanj,21.3,16.4,181,40.37,60.37
Iris setosa,Aljaska,siromasno,sumsko,srednje,svibanj,32.4,15.9,165,37.92,57.92
Iris setosa,Aljaska,siromasno,sumsko,srednje,svibanj,34,16.6,191,42.99,62.99
Iris setosa,Aljaska,siromasno,sumsko,srednje,travanj,27.9,16,172,31.22,51.22
Iris setosa,Aljaska,siromasno,sumsko,dobro,travanj,35.4,16.7,207,40.26,60.26
Iris setosa,Aljaska,siromasno,sumsko,srednje,lipanj,25.6,12.2,186,45.08,65.08
Iris setosa,Aljaska,siromasno,sumsko,srednje,svibanj,24.2,19.1,179,40.4,60.4
Iris setosa,Aljaska,siromasno,sumsko,dobro,svibanj,22,13.7,187,46.3,66.3
Iris setosa,Aljaska,siromasno,sumsko,srednje,svibanj,28.4,17.7,172,39.23,59.23
Iris setosa,Aljaska,siromasno,sumsko,srednje,lipanj,31.8,18.9,175,46.98,66.98
Iris setosa,Aljaska,siromasno,sumsko,srednje,svibanj,25.7,17.9,199,37.65,57.65
Iris setosa,Aljaska,siromasno,sumsko,dobro,svibanj,30.6,18.7,209,47.06,67.06
Iris setosa,Aljaska,bogato,sumsko,dobro,svibanj,35.8,20.3,211,52.45,72.45
Iris setosa,Aljaska,bogato,sumsko,srednje,travanj,32.4,17.6,195,43.25,63.25
Iris setosa,Aljaska,bogato,sumsko,srednje,travanj,29.9,16.6,193,39.32,59.32
Iris setosa,Aljaska,bogato,sumsko,srednje,travanj,30.2,19.7,169,37.05,57.05
Iris setosa,Aljaska,bogato,sumsko,dobro,svibanj,27.6,19.9,204,52.1,72.1
Iris setosa,Aljaska,bogato,sumsko,srednje,travanj,33.5,18.6,176,44.18,64.18
Iris setosa,Aljaska,bogato,sumsko,dobro,travanj,31,19.3,221,45.89,65.89
Iris setosa,Aljaska,bogato,sumsko,srednje,travanj,18.4,17.9,176,42.77,62.77
Iris setosa,Aljaska,bogato,sumsko,srednje,svibanj,35,19.9,192,49.37,69.37
Iris setosa,Aljaska,bogato,sumsko,dobro,svibanj,23.8,19.1,232,54.08,74.08
Iris setosa,Aljaska,bogato,sumsko,dobro,travanj,36,18.1,246,44.76,64.76
Iris setosa,Aljaska,bogato,sumsko,srednje,svibanj,26.2,19.2,205,49.23,69.23
Iris setosa,Aljaska,bogato,sumsko,srednje,svibanj,27.3,21.4,216,48.37,68.37
Iris setosa,Aljaska,bogato,sumsko,srednje,svibanj,35.2,18,202,48.98,68.98
Iris setosa,Aljaska,bogato,sumsko,srednje,travanj,30.1,14.3,163,41.42,61.42
Iris setosa,Aljaska,bogato,sumsko,srednje,travanj,18.8,18.6,197,41.98,61.98
Iris setosa,Aljaska,bogato,sumsko,srednje,travanj,27.6,22.5,191,40.53,60.53
Iris setosa,Aljaska,bogato,sumsko,srednje,svibanj,29,16.2,200,49.42,69.42
Iris setosa,Aljaska,bogato,sumsko,srednje,svibanj,30.2,16.1,206,45.29,65.29
Iris setosa,Aljaska,bogato,sumsko,srednje,svibanj,28.6,18.6,197,49.12,69.12
Iris setosa,Aljaska,bogato,sumsko,srednje,travanj,37,18.9,196,42.76,62.76
Iris setosa,Aljaska,bogato,sumsko,srednje,svibanj,29.6,19.1,182,48.16,68.16
Iris setosa,Aljaska,bogato,sumsko,dobro,travanj,27.8,21.6,225,50.63,70.63
Iris setosa,Aljaska,bogato,sumsko,srednje,lipanj,25.8,17.7,218,53.92,73.92
Iris setosa,Aljaska,bogato,sumsko,srednje,travanj,23.4,17.7,209,42.63,62.63
Iris setosa,Aljaska,bogato,sumsko,srednje,svibanj,29.5,17.3,204,49.79,69.79
Iris setosa,Aljaska,bogato,sumsko,srednje,travanj,33.7,15,190,43.82,63.82
Iris setosa,Aljaska,bogato,sumsko,srednje,svibanj,28.3,16.9,198,46.92,66.92
Iris setosa,Aljaska,bogato,sumsko,srednje,svibanj,22.4,19.7,188,45.68,65.68
Iris setosa,Aljaska,bogato,sumsko,srednje,svibanj,25.2,20.3,209,48.53,68.53
Iris setosa,Aljaska,bogato,sumsko,dobro,svibanj,31.3,19,236,54.98,74.98
Iris setosa,Aljaska,bogato,sumsko,dobro,travanj,29.2,17.5,232,49.41,69.41
Iris setosa,Aljaska,bogato,sumsko,srednje,travanj,23.5,18.5,179,42.97,62.97
Iris setosa,Aljaska,bogato,sumsko,srednje,travanj,25.9,15.4,215,44.33,64.33
Iris setosa,Aljaska,bogato,sumsko,srednje,svibanj,28.4,19.3,193,47.89,67.89
Iris setosa,Aljaska,bogato,sumsko,srednje,travanj,27.6,17.5,221,43.9,63.9
Iris setosa,Aljaska,bogato,sumsko,srednje,svibanj,34.2,15.4,183,49.43,69.43
Iris setosa,Aljaska,bogato,sumsko,srednje,svibanj,33.6,19.4,209,45.45,65.45
Iris setosa,Aljaska,bogato,sumsko,srednje,travanj,31.7,18,231,43.58,63.58
Iris setosa,Aljaska,bogato,sumsko,dobro,svibanj,48.1,17.6,207,51.55,71.55
Iris setosa,Aljaska,siromasno,planinsko,lose,svibanj,28.1,11.9,172,30.6,50.6
Iris setosa,Aljaska,siromasno,planinsko,lose,svibanj,27.1,15.6,185,31.22,51.22
Iris setosa,Aljaska,siromasno,planinsko,lose,svibanj,30.6,14.1,156,29.61,49.61
Iris setosa,Aljaska,siromasno,planinsko,lose,svibanj,33.9,15.2,156,28.56,48.56
Iris setosa,Aljaska,siromasno,planinsko,lose,svibanj,30.9,14.5,173,31.67,51.67
Iris setosa,Aljaska,siromasno,planinsko,lose,svibanj,24.5,12.7,172,30.66,50.66
Iris setosa,Aljaska,siromasno,planinsko,lose,travanj,33.8,14.4,185,24.77,44.77
Iris setosa,Aljaska,siromasno,planinsko,lose,lipanj,34.7,16,160,33.85,53.85
Iris setosa,Aljaska,siromasno,planinsko,lose,svibanj,25.6,14.5,159,31.48,51.48
Iris setosa,Aljaska,siromasno,planinsko,lose,svibanj,34.8,14,189,29.24,49.24
Iris setosa,Aljaska,siromasno,planinsko,lose,svibanj,30.6,11,170,31.21,51.21
Iris setosa,Aljaska,siromasno,planinsko,lose,svibanj,32.4,13.2,162,30.84,50.84
Iris setosa,Aljaska,siromasno,planinsko,lose,svibanj,32.5,13.5,177,30.99,50.99
Iris setosa,Aljaska,siromasno,planinsko,lose,svibanj,31.4,16.7,150,28.26,48.26
Iris setosa,Aljaska,bogato,planinsko,lose,svibanj,30.9,15,190,36.35,56.35
Iris setosa,Aljaska,bogato,planinsko,lose,lipanj,33.4,13.8,184,39.02,59.02
Iris setosa,Aljaska,bogato,planinsko,lose,svibanj,31.6,17.7,190,36.47,56.47
Iris setosa,Aljaska,bogato,planinsko,lose,svibanj,32.7,17.7,188,36.68,56.68
Iris setosa,Aljaska,bogato,planinsko,lose,svibanj,36.3,19.2,182,34.14,54.14
Iris setosa,Aljaska,bogato,planinsko,lose,travanj,35.2,16.5,191,32.93,52.93
Iris setosa,Aljaska,bogato,planinsko,lose,svibanj,35,17,191,34.25,54.25
Iris setosa,Aljaska,bogato,planinsko,lose,svibanj,37.7,13.1,182,34.9,54.9
Iris setosa,Aljaska,bogato,planinsko,lose,lipanj,32.9,14.9,204,40.75,60.75
Iris setosa,Aljaska,bogato,planinsko,lose,svibanj,27.6,13.7,179,37.71,57.71
Iris setosa,Aljaska,bogato,planinsko,lose,svibanj,31.1,13.1,198,35.48,55.48
Iris setosa,Aljaska,bogato,planinsko,lose,lipanj,33.7,17.1,179,39.26,59.26
Iris setosa,Aljaska,bogato,planinsko,lose,lipanj,27.8,17.3,187,38.93,58.93
Iris setosa,Aljaska,bogato,planinsko,lose,lipanj,30.5,14.2,195,39.45,59.45
Iris setosa,Aljaska,bogato,planinsko,lose,travanj,39.3,17.8,186,33.94,53.94
Iris setosa,Aljaska,bogato,planinsko,lose,svibanj,27.7,13.5,169,34.67,54.67
Iris setosa,Aljaska,siromasno,mocvarno,dobro,svibanj,32.4,22,214,44.52,64.52
Iris setosa,Aljaska,siromasno,mocvarno,dobro,svibanj,32.2,19.8,219,44.37,64.37
Iris setosa,Aljaska,siromasno,mocvarno,srednje,svibanj,31.8,19.3,197,37.49,57.49
Iris setosa,Aljaska,siromasno,mocvarno,dobro,svibanj,42.7,20,218,48.66,68.66
Iris setosa,Aljaska,siromasno,mocvarno,srednje,lipanj,33.4,14.8,193,45.27,65.27
Iris setosa,Aljaska,siromasno,mocvarno,dobro,lipanj,33.6,20.9,216,50.69,70.69
Iris setosa,Aljaska,siromasno,mocvarno,srednje,lipanj,32.7,17.8,166,46.03,66.03
Iris setosa,Aljaska,siromasno,mocvarno,dobro,travanj,56.7,17,206,40.3,60.3
Iris setosa,Aljaska,bogato,mocvarno,dobro,lipanj,46.1,18.8,254,61.31,81.31
Iris setosa,Aljaska,bogato,mocvarno,srednje,svibanj,34.4,23.3,207,49.29,69.29
Iris setosa,Rusija,siromasno,livadno,dobro,lipanj,54.2,15,229,63.85,83.85
Iris setosa,Rusija,siromasno,livadno,dobro,lipanj,50.6,19,227,67.29,87.29
Iris setosa,Rusija,siromasno,livadno,srednje,lipanj,42.2,20,202,46.54,66.54
Iris setosa,Rusija,siromasno,livadno,srednje,lipanj,44.4,16.2,204,45.4,65.4
Iris setosa,Rusija,siromasno,livadno,dobro,svibanj,56.3,18,220,42.89,62.89
Iris setosa,Rusija,siromasno,livadno,srednje,svibanj,41.1,15.9,202,42.7,62.7
Iris setosa,Rusija,siromasno,livadno,dobro,lipanj,50,20.7,228,58.35,78.35
Iris setosa,Rusija,siromasno,livadno,dobro,lipanj,49,19.8,254,52.44,72.44
Iris setosa,Rusija,siromasno,livadno,dobro,lipanj,58.1,20.1,244,55.67,75.67
Iris setosa,Rusija,siromasno,livadno,dobro,lipanj,45.5,18.6,258,51.2,71.2
Iris setosa,Rusija,siromasno,livadno,dobro,lipanj,49.6,22.5,211,56.84,76.84
Iris setosa,Rusija,siromasno,livadno,dobro,svibanj,55,18.4,239,43.74,63.74
Iris setosa,Rusija,siromasno,livadno,dobro,lipanj,44.4,20.8,237,54.54,74.54
Iris setosa,Rusija,siromasno,livadno,dobro,lipanj,61.6,14.8,236,58.25,78.25
Iris setosa,Rusija,siromasno,livadno,srednje,lipanj,51.5,16.9,190,51.84,71.84
Iris setosa,Rusija,siromasno,livadno,srednje,lipanj,53.9,16.1,210,48.96,68.96
Iris setosa,Rusija,siromasno,livadno,dobro,lipanj,50.2,19.2,221,60.41,80.41
Iris setosa,Rusija,siromasno,livadno,dobro,svibanj,51.5,15.8,237,48.56,68.56
Iris setosa,Rusija,siromasno,livadno,srednje,lipanj,45.4,20.3,221,50.57,70.57
Iris setosa,Rusija,siromasno,livadno,srednje,lipanj,44.1,17.3,237,48.76,68.76
Iris setosa,Rusija,siromasno,livadno,dobro,lipanj,46.9,23.5,219,62.84,82.84
Iris setosa,Rusija,siromasno,livadno,srednje,lipanj,37.2,18.6,221,48.17,68.17
Iris setosa,Rusija,siromasno,livadno,srednje,lipanj,42.1,17.5,207,46.01,66.01
Iris setosa,Rusija,bogato,livadno,srednje,lipanj,48.7,18,230,60.69,80.69
Iris setosa,Rusija,bogato,livadno,dobro,lipanj,71.3,21.6,261,62.2,82.2
Iris setosa,Rusija,bogato,livadno,srednje,lipanj,52.9,22.9,232,54.63,74.63
Iris setosa,Rusija,bogato,livadno,srednje,lipanj,46.5,16.4,237,61.46,81.46
Iris setosa,Rusija,bogato,livadno,srednje,lipanj,48.1,18.8,211,56.38,76.38
Iris setosa,Rusija,bogato,livadno,srednje,lipanj,62,18.1,263,53.04,73.04
Iris setosa,Rusija,bogato,livadno,dobro,lipanj,44.4,21.7,263,66.03,86.03
Iris setosa,Rusija,bogato,livadno,dobro,lipanj,63.9,24.7,259,69.59,89.59
Iris setosa,Rusija,bogato,livadno,srednje,svibanj,50.7,17.7,236,48.06,68.06
Iris setosa,Rusija,bogato,livadno,srednje,svibanj,38.2,16.7,229,49.24,69.24
Iris setosa,Rusija,bogato,livadno,dobro,lipanj,57.7,25.1,250,67.09,87.09
Iris setosa,Rusija,bogato,livadno,srednje,lipanj,57.7,19.1,233,55.15,75.15
Iris setosa,Rusija,bogato,livadno,dobro,lipanj,58.4,20,248,65.79,85.79
Iris setosa,Rusija,bogato,livadno,srednje,lipanj,55.4,15.7,227,52.46,72.46
Iris setosa,Rusija,bogato,livadno,srednje,lipanj,44.1,14.3,235,54,74
Iris setosa,Rusija,bogato,livadno,srednje,lipanj,59.5,21.7,245,58.16,78.16
Iris setosa,Rusija,bogato,livadno,dobro,lipanj,56.3,18,247,65.28,85.28
Iris setosa,Rusija,bogato,livadno,srednje,lipanj,41.3,18.4,253,55.45,75.45
Iris setosa,Rusija,bogato,livadno,srednje,svibanj,62.8,15.7,238,48.13,68.13
Iris setosa,Rusija,bogato,livadno,srednje,lipanj,51,20,250,55.39,75.39
Iris setosa,Rusija,bogato,livadno,srednje,lipanj,51.5,16.6,224,57.73,77.73
Iris setosa,Rusija,bogato,livadno,srednje,lipanj,55.9,16.3,227,55.27,75.27
Iris setosa,Rusija,siromasno,sumsko,srednje,lipanj,28.2,14.4,177,43.12,63.12
Iris setosa,Rusija,siromasno,sumsko,srednje,lipanj,31.3,20.5,166,43.47,63.47
Iris setosa,Rusija,siromasno,sumsko,dobro,svibanj,27.3,19.1,196,42.17,62.17
Iris setosa,Rusija,siromasno,sumsko,srednje,svibanj,31.2,16.2,185,39.72,59.72
Iris setosa,Rusija,bogato,sumsko,srednje,svibanj,32.9,13.9,188,47.5,67.5
Iris setosa,Rusija,siromasno,sumsko,srednje,svibanj,27.8,17.1,185,38.45,58.45
Iris setosa,Rusija,siromasno,sumsko,srednje,svibanj,27.9,14.4,186,39.96,59.96
Iris setosa,Rusija,siromasno,sumsko,srednje,travanj,29.8,15,183,36.29,56.29
Iris setosa,Rusija,siromasno,sumsko,srednje,travanj,25.2,20.4,167,34.92,54.92
Iris setosa,Rusija,siromasno,sumsko,srednje,svibanj,28.1,16.2,173,37.15,57.15
Iris setosa,Rusija,siromasno,sumsko,dobro,svibanj,27,19.1,183,45.51,65.51
Iris setosa,Rusija,siromasno,sumsko,srednje,svibanj,25.3,18.1,171,38.24,58.24
Iris setosa,Rusija,siromasno,sumsko,srednje,svibanj,24.1,16.7,159,41.76,61.76
Iris setosa,Rusija,siromasno,sumsko,dobro,svibanj,25.2,21.7,191,44.76,64.76
Iris setosa,Rusija,siromasno,sumsko,srednje,svibanj,26.2,15.5,177,40.28,60.28
Iris setosa,Rusija,siromasno,sumsko,dobro,lipanj,18,18.1,183,57.31,77.31
Iris setosa,Rusija,siromasno,sumsko,srednje,travanj,27.9,16.2,177,35.62,55.62
Iris setosa,Rusija,siromasno,sumsko,srednje,svibanj,30.2,15.4,184,37.61,57.61
Iris setosa,Rusija,siromasno,sumsko,srednje,lipanj,27.7,15.2,185,43.06,63.06
Iris setosa,Rusija,siromasno,sumsko,dobro,lipanj,34.5,19.1,207,50.13,70.13
Iris setosa,Rusija,siromasno,sumsko,dobro,svibanj,27.4,21.7,192,44.68,64.68
Iris setosa,Rusija,siromasno,sumsko,srednje,travanj,26,14.6,171,33.72,53.72
Iris setosa,Rusija,siromasno,sumsko,srednje,travanj,24.6,16.6,175,34.15,54.15
Iris setosa,Rusija,siromasno,sumsko,srednje,svibanj,38.4,18.5,170,37.77,57.77
Iris setosa,Rusija,siromasno,sumsko,srednje,svibanj,13.6,21,196,37.78,57.78
Iris setosa,Rusija,bogato,sumsko,dobro,travanj,38.9,21.9,195,39.94,59.94
Iris setosa,Rusija,bogato,sumsko,srednje,travanj,27.2,16.9,218,44.57,64.57
Iris setosa,Rusija,bogato,sumsko,srednje,lipanj,30.1,19.7,199,56.56,76.56
Iris setosa,Rusija,bogato,sumsko,dobro,travanj,33.3,19.9,232,50.86,70.86
Iris setosa,Rusija,bogato,sumsko,dobro,lipanj,32.1,24,212,61.22,81.22
Iris setosa,Rusija,bogato,sumsko,srednje,svibanj,30.2,18.1,233,47.37,67.37
Iris setosa,Rusija,bogato,sumsko,srednje,travanj,38.8,18.2,181,41.1,61.1
Iris setosa,Rusija,bogato,sumsko,dobro,svibanj,34.5,16,208,58.13,78.13
Iris setosa,Rusija,bogato,sumsko,srednje,svibanj,27.2,19.4,189,46.72,66.72
Iris setosa,Rusija,bogato,sumsko,srednje,svibanj,40.4,16.4,188,46.62,66.62
Iris setosa,Rusija,bogato,sumsko,srednje,travanj,29,16.9,206,39.61,59.61
Iris setosa,Rusija,bogato,sumsko,dobro,travanj,26.1,23.3,187,47.64,67.64
Iris setosa,Rusija,bogato,sumsko,srednje,travanj,26.6,17.9,189,43.23,63.23
Iris setosa,Rusija,bogato,sumsko,srednje,travanj,28.7,16.9,209,44.89,64.89
Iris setosa,Rusija,bogato,sumsko,srednje,svibanj,24.6,18.3,192,48.97,68.97
Iris setosa,Rusija,bogato,sumsko,dobro,svibanj,32.3,20.4,214,54.65,74.65
Iris setosa,Rusija,bogato,sumsko,dobro,travanj,36.6,20.5,215,49.73,69.73
Iris setosa,Rusija,bogato,sumsko,dobro,travanj,31.2,17.7,227,40.85,60.85
Iris setosa,Rusija,bogato,sumsko,srednje,lipanj,25.3,17.7,208,52.7,72.7
Iris setosa,Rusija,bogato,sumsko,dobro,lipanj,35.9,20,218,63.05,83.05
Iris setosa,Rusija,bogato,sumsko,dobro,travanj,29.6,21.4,189,44.84,64.84
Iris setosa,Rusija,bogato,sumsko,dobro,travanj,27.8,17.8,199,50.71,70.71
Iris setosa,Rusija,bogato,sumsko,dobro,svibanj,38.5,22,228,54.93,74.93
Iris setosa,Rusija,bogato,sumsko,srednje,lipanj,24.9,21.2,208,51.16,71.16
Iris setosa,Rusija,bogato,sumsko,srednje,svibanj,31.9,17,185,48.81,68.81
Iris setosa,Rusija,bogato,sumsko,dobro,svibanj,30.6,20.3,216,55.39,75.39
Iris setosa,Rusija,siromasno,planinsko,lose,svibanj,25.5,12.4,173,31.82,51.82
Iris setosa,Rusija,siromasno,planinsko,lose,svibanj,36.1,18.2,150,30.68,50.68
Iris setosa,Rusija,siromasno,planinsko,lose,svibanj,38.5,14.3,167,30.75,50.75
Iris setosa,Rusija,siromasno,planinsko,lose,svibanj,28,18.2,187,30.07,50.07
Iris setosa,Rusija,siromasno,planinsko,lose,svibanj,30.6,12.8,185,29.23,49.23
Iris setosa,Rusija,siromasno,planinsko,lose,travanj,26.9,16.9,178,27.3,47.3
Iris setosa,Rusija,siromasno,planinsko,lose,travanj,23.7,17.7,188,27.65,47.65
Iris setosa,Rusija,siromasno,planinsko,lose,svibanj,24.4,17.5,167,29.23,49.23
Iris setosa,Rusija,siromasno,planinsko,lose,svibanj,24.5,15.8,169,29.76,49.76
Iris setosa,Rusija,siromasno,planinsko,lose,svibanj,36.2,17,167,28.06,48.06
Iris setosa,Rusija,siromasno,planinsko,lose,travanj,32.2,15.9,176,27.92,47.92
Iris setosa,Rusija,siromasno,planinsko,lose,svibanj,25.2,12.9,199,29.27,49.27
Iris setosa,Rusija,bogato,planinsko,lose,svibanj,28,16.4,189,36.82,56.82
Iris setosa,Rusija,bogato,planinsko,lose,travanj,22.8,13.2,174,33.84,53.84
Iris setosa,Rusija,bogato,planinsko,lose,lipanj,32.8,14.7,177,40.5,60.5
Iris setosa,Rusija,bogato,planinsko,lose,svibanj,21.7,19.8,187,34.97,54.97
Iris setosa,Rusija,bogato,planinsko,lose,svibanj,38.5,12.7,194,35.8,55.8
Iris setosa,Rusija,bogato,planinsko,lose,svibanj,34.6,17.5,181,35.96,55.96
Iris setosa,Rusija,bogato,planinsko,lose,travanj,34.4,14.2,196,31.88,51.88
Iris setosa,Rusija,bogato,planinsko,lose,svibanj,30.7,15.7,187,37.6,57.6
Iris setosa,Rusija,bogato,planinsko,lose,lipanj,39.9,12,188,38.14,58.14
Iris setosa,Rusija,bogato,planinsko,lose,travanj,37.5,15.2,187,33.4,53.4
Iris setosa,Rusija,bogato,planinsko,lose,svibanj,21.8,18.6,167,35.63,55.63
Iris setosa,Rusija,bogato,planinsko,lose,svibanj,37.4,15,165,34.02,54.02
Iris setosa,Rusija,bogato,planinsko,lose,svibanj,35.4,19,199,36.73,56.73
Iris setosa,Rusija,bogato,planinsko,lose,lipanj,30.9,15.7,187,41.2,61.2
Iris setosa,Rusija,bogato,planinsko,lose,lipanj,32.4,11.1,166,40.05,60.05
Iris setosa,Rusija,bogato,planinsko,lose,svibanj,35.1,16.3,190,35.73,55.73
Iris setosa,Rusija,bogato,planinsko,lose,svibanj,43.1,16.2,177,37.4,57.4
Iris setosa,Rusija,bogato,planinsko,lose,travanj,29.2,12.3,191,32.2,52.2
Iris setosa,Rusija,siromasno,mocvarno,dobro,svibanj,39.4,18,226,48.64,68.64
Iris setosa,Rusija,siromasno,mocvarno,srednje,svibanj,36.6,16.3,216,42.49,62.49
Iris setosa,Rusija,siromasno,mocvarno,srednje,svibanj,27.5,15.3,198,40.36,60.36
Iris setosa,Rusija,bogato,mocvarno,dobro,travanj,46,20,238,50.8,70.8
Iris setosa,Rusija,bogato,mocvarno,dobro,svibanj,48.2,17.5,232,57.73,77.73
Iris setosa,Rusija,bogato,mocvarno,srednje,svibanj,36.3,16.6,255,46.88,66.88