vrsta,otok,spol,prehrana,dob,zdravlje,godina,oklop_duljina,oklop_sirina,peraja_duljina,masa,vrijeme_zarona
glavata zelva,Mljet,zenka,riba,odrasla,ozlijedjena,2024,40.8,21.2,219,5687,76.87
glavata zelva,Mljet,zenka,riba,odrasla,zdrava,2024,48.7,18.8,252,4677,66.77
glavata zelva,Mljet,zenka,riba,odrasla,ozlijedjena,2024,50.3,18.5,232,5819,78.19
glavata zelva,Mljet,zenka,riba,odrasla,ozlijedjena,2024,57.7,20.9,207,5760,77.6
glavata zelva,Mljet,zenka,riba,subadultna,ozlijedjena,2024,53.4,17.5,212,4520,65.2
glavata zelva,Mljet,zenka,riba,odrasla,ozlijedjena,2024,57.4,18.7,244,5356,73.56
glavata zelva,Mljet,zenka,riba,subadultna,ozlijedjena,2024,35.6,16.3,216,4674,66.74
glavata zelva,Mljet,zenka,riba,subadultna,ozlijedjena,2024,42.4,15.3,213,5120,71.2
glavata zelva,Mljet,zenka,riba,odrasla,ozlijedjena,2024,53.3,15.9,222,5513,75.13
glavata zelva,Mljet,zenka,riba,subadultna,ozlijedjena,2024,51.7,19.2,188,4981,69.81
glavata zelva,Mljet,zenka,riba,odrasla,ozlijedjena,2024,58.9,18.2,234,5148,71.48
glavata zelva,Mljet,zenka,riba,subadultna,ozlijedjena,2024,44,13.6,231,4487,64.87
glavata zelva,Mljet,zenka,riba,subadultna,ozlijedjena,2024,39.5,20.6,209,4553,65.53
glavata zelva,Mljet,zenka,riba,odrasla,ozlijedjena,2024,65.8,19.2,235,5510,75.1
glavata zelva,Mljet,zenka,riba,subadultna,ozlijedjena,2024,53.1,17,235,5176,71.76
glavata zelva,Mljet,zenka,riba,subadultna,ozlijedjena,2024,51.8,13.8,209,5530,75.3
glavata zelva,Mljet,zenka,riba,subadultna,ozlijedjena,2024,36.5,18.2,188,4657,66.57
glavata zelva,Mljet,zenka,riba,subadultna,ozlijedjena,2024,45.4,15.9,173,4530,65.3
glavata zelva,Mljet,zenka,riba,subadultna,ozlijedjena,2024,47,15.9,235,5221,72.21
glavata zelva,Mljet,zenka,riba,odrasla,ozlijedjena,2024,38.3,19.8,249,5803,78.03
glavata zelva,Mljet,zenka,riba,subadultna,ozlijedjena,2024,46.3,17.2,201,4908,69.08
glavata zelva,Mljet,zenka,riba,odrasla,ozlijedjena,2024,50.4,17.1,244,5339,73.39
glavata zelva,Mljet,zenka,riba,subadultna,ozlijedjena,2024,45.2,14.2,229,4528,65.28
glavata zelva,Mljet,zenka,riba,subadultna,ozlijedjena,2024,48.2,17.3,201,4580,65.8
glavata zelva,Mljet,zenka,riba,subadultna,ozlijedjena,2024,49.5,17.2,219,4545,65.45
glavata zelva,Mljet,zenka,riba,subadultna,ozlijedjena,2024,39.5,22.2,186,5311,73.11
glavata zelva,Mljet,zenka,riba,subadultna,ozlijedjena,2024,51.6,12.5,212,4976,69.76
glavata zelva,Mljet,zenka,riba,subadultna,ozlijedjena,2024,48.5,17.3,186,5065,70.65
glavata zelva,Mljet,muzjak,riba,subadultna,ozlijedjena,2024,56.3,14.4,220,6025,80.25
glavata zelva,Mljet,muzjak,riba,subadultna,ozlijedjena,2024,58.2,17,237,5682,76.82
glavata zelva,Mljet,muzjak,riba,odrasla,ozlijedjena,2024,64.7,21.4,235,7687,96.87
glavata zelva,Mljet,muzjak,riba,odrasla,ozlijedjena,2024,63.7,20.7,256,7543,95.43
glavata zelva,Mljet,muzjak,riba,subadultna,ozlijedjena,2024,46.5,20.8,227,6100,81
glavata zelva,Mljet,muzjak,riba,odrasla,ozlijedjena,2024,59.6,22.5,258,6317,83.17
glavata zelva,Mljet,muzjak,riba,odrasla,ozlijedjena,2024,62.5,19.8,242,8128,101.28
glavata zelva,Mljet,muzjak,riba,subadultna,ozlijedjena,2024,50.9,18.7,236,5740,77.4
glavata zelva,Mljet,muzjak,riba,odrasla,ozlijedjena,2024,44.1,20.9,266,7523,95.23
glavata zelva,Mljet,muzjak,riba,odrasla,ozlijedjena,2024,64,21.5,270,6112,81.12
glavata zelva,Mljet,muzjak,riba,subadultna,ozlijedjena,2024,62.3,14.8,235,5695,76.95
glavata zelva,Mljet,muzjak,riba,odrasla,ozlijedjena,2024,53.7,17.9,208,6655,86.55
glavata zelva,Mljet,muzjak,riba,odrasla,ozlijedjena,2024,69,18.1,268,7609,96.09
glavata zelva,Mljet,muzjak,riba,subadultna,ozlijedjena,2024,48.6,15.8,240,5739,77.39
glavata zelva,Mljet,muzjak,riba,subadultna,ozlijedjena,2024,52,15.6,214,7029,90.29
glavata zelva,Mljet,muzjak,riba,odrasla,ozlijedjena,2024,71.2,16.2,244,6146,81.46
glavata zelva,Mljet,muzjak,riba,odrasla,zdrava,2024,60.1,21.7,274,5747,77.47
glavata zelva,Mljet,muzjak,riba,subadultna,ozlijedjena,2024,55,19.9,226,5914,79.14
glavata zelva,Mljet,muzjak,riba,subadultna,ozlijedjena,2024,51.2,21.2,243,5886,78.86
glavata zelva,Mljet,muzjak,riba,odrasla,ozlijedjena,2024,49.3,16.9,278,6777,87.77
glavata zelva,Mljet,muzjak,riba,subadultna,ozlijedjena,2024,44.8,19.5,241,5410,74.1
glavata zelva,Mljet,muzjak,riba,odrasla,ozlijedjena,2024,54.4,18.8,288,6292,82.92
glavata zelva,Mljet,muzjak,riba,subadultna,ozlijedjena,2024,41.5,17.4,251,6193,81.93
glavata zelva,Mljet,muzjak,riba,subadultna,zdrava,2024,53,19.6,217,5041,70.41
glavata zelva,Mljet,muzjak,riba,subadultna,ozlijedjena,2024,59.6,17.2,244,6561,85.61
glavata zelva,Mljet,muzjak,riba,subadultna,ozlijedjena,2024,55.9,18.7,217,5862,78.62
glavata zelva,Mljet,muzjak,riba,subadultna,ozlijedjena,2024,56.3,18.5,211,5416,74.16
glavata zelva,Mljet,zenka,kril,subadultna,pothranjena,2024,35.5,18.8,190,3677,56.77
glavata zelva,Mljet,zenka,kril,subadultna,ozlijedjena,2024,28.7,14.2,185,4481,64.81
glavata zelva,Mljet,zenka,kril,subadultna,ozlijedjena,2024,25.4,16.6,161,4745,67.45
glavata zelva,Mljet,muzjak,kril,odrasla,zdrava,2024,30.4,19.1,209,5796,77.96
glavata zelva,Mljet,muzjak,kril,subadultna,pothranjena,2024,33,15.7,205,3580,55.8
glavata zelva,Mljet,zenka,kril,subadultna,pothranjena,2024,26.5,15.5,179,3656,56.56
glavata zelva,Mljet,zenka,kril,subadultna,pothranjena,2024,23.9,19.1,175,3688,56.88
glavata zelva,Mljet,zenka,kril,subadultna,zdrava,2024,31.3,18.2,171,4264,62.64
glavata zelva,Mljet,zenka,kril,odrasla,ozlijedjena,2024,26.2,19.4,188,5090,70.9
glavata zelva,Mljet,zenka,kril,subadultna,ozlijedjena,2024,24.1,17.5,207,4517,65.17
glavata zelva,Mljet,zenka,kril,subadultna,pothranjena,2024,29,13.3,175,3500,55
glavata zelva,Mljet,zenka,kril,odrasla,zdrava,2024,35.7,18,186,4701,67.01
glavata zelva,Mljet,zenka,kril,subadultna,pothranjena,2024,22.8,23.5,195,3156,51.56
glavata zelva,Mljet,zenka,kril,subadultna,pothranjena,2024,21.8,17.4,165,3636,56.36
glavata zelva,Mljet,zenka,kril,subadultna,zdrava,2024,21.7,17.8,189,4058,60.58
glavata zelva,Mljet,zenka,kril,odrasla,zdrava,2024,27,15.2,188,4762,67.62
glavata zelva,Mljet,zenka,kril,subadultna,pothranjena,2024,27.1,16.5,167,3424,54.24
glavata zelva,Mljet,zenka,kril,odrasla,zdrava,2024,30.1,18.3,201,4530,65.3
glavata zelva,Mljet,zenka,kril,subadultna,pothranjena,2024,30.9,15.5,170,3010,50.1
glavata zelva,Mljet,zenka,kril,subadultna,zdrava,2024,24.3,18.1,174,4034,60.34
glavata zelva,Mljet,zenka,kril,odrasla,zdrava,2024,24.5,18.1,201,4441,64.41
glavata zelva,Mljet,zenka,kril,subadultna,zdrava,2024,23.1,15.6,188,4272,62.72
glavata zelva,Mljet,zenka,kril,odrasla,pothranjena,2024,31.4,16.1,195,4074,60.74
glavata zelva,Mljet,zenka,kril,odrasla,zdrava,2024,30.9,16.8,221,4335,63.35
glavata zelva,Mljet,zenka,kril,odrasla,pothranjena,2024,35.9,17,207,3710,57.1
glavata zelva,Mljet,zenka,kril,subadultna,pothranjena,2024,24.5,16.3,181,3453,54.53
glavata zelva,Mljet,zenka,kril,subadultna,zdrava,2024,31.6,16,175,3757,57.57
glavata zelva,Mljet,zenka,kril,odrasla,zdrava,2024,37.4,17.7,202,4714,67.14
glavata zelva,Mljet,zenka,kril,subadultna,pothranjena,2024,28.2,13.6,188,3444,54.44
glavata zelva,Mljet,muzjak,kril,subadultna,ozlijedjena,2024,22.3,15.8,187,5209,72.09
glavata zelva,Mljet,muzjak,kril,subadultna,ozlijedjena,2024,30.9,21.2,187,6064,80.64
glavata zelva,Mljet,muzjak,kril,subadultna,zdrava,2024,29.5,22.1,241,4847,68.47
glavata zelva,Mljet,muzjak,kril,subadultna,zdrava,2024,27.3,17.8,181,4791,67.91
glavata zelva,Mljet,muzjak,kril,subadultna,zdrava,2024,29.6,17.2,186,4696,66.96
glavata zelva,Mljet,muzjak,kril,subadultna,zdrava,2024,32.8,17.6,190,4868,68.68
glavata zelva,Mljet,muzjak,kril,subadultna,pothranjena,2024,38.4,16.5,186,4337,63.37
glavata zelva,Mljet,muzjak,kril,subadultna,pothranjena,2024,23.8,15.7,213,3720,57.2
glavata zelva,Mljet,muzjak,kril,odrasla,zdrava,2024,33.8,19.1,215,5264,72.64
glavata zelva,Mljet,muzjak,kril,odrasla,pothranjena,2024,38,21.2,239,4592,65.92
glavata zelva,Mljet,muzjak,kril,subadultna,ozlijedjena,2024,25.4,15.7,219,5139,71.39
glavata zelva,Mljet,muzjak,kril,subadultna,pothranjena,2024,27.3,18.2,195,4419,64.19
glavata zelva,Mljet,muzjak,kril,subadultna,pothranjena,2024,25.9,15.8,190,4050,60.5
glavata zelva,Mljet,muzjak,kril,subadultna,pothranjena,2024,18.8,19.1,170,4329,63.29
glavata zelva,Mljet,muzjak,kril,odrasla,pothranjena,2024,33.5,18,191,5060,70.6
glavata zelva,Mljet,muzjak,kril,odrasla,zdrava,2024,24,21.2,207,5833,78.33
glavata zelva,Mljet,muzjak,kril,odrasla,pothranjena,2024,37.5,20.1,202,4967,69.67
glavata zelva,Mljet,muzjak,kril,subadultna,zdrava,2024,20.8,15.9,207,4934,69.34
glavata zelva,Mljet,muzjak,kril,subadultna,zdrava,2024,28,21.5,211,4757,67.57
glavata zelva,Mljet,muzjak,kril,subadultna,pothranjena,2024,25,18.3,225,4235,62.35
glavata zelva,Mljet,zenka,meduze,juvenilna,ozlijedjena,2024,35.3,9.7,170,3342,53.42
glavata zelva,Mljet,zenka,meduze,juvenilna,zdrava,2024,32.1,18.1,179,2903,49.03
glavata zelva,Mljet,zenka,meduze,juvenilna,zdrava,2024,30.2,13.7,143,2840,48.4
glavata zelva,Mljet,zenka,meduze,juvenilna,pothranjena,2024,34.2,16.7,185,2791,47.91
glavata zelva,Mljet,zenka,meduze,juvenilna,zdrava,2024,21.7,16.9,168,3017,50.17
glavata zelva,Mljet,zenka,meduze,juvenilna,pothranjena,2024,32.9,16.8,174,2797,47.97
glavata zelva,Mljet,zenka,meduze,juvenilna,zdrava,2024,36.9,12.2,165,2857,48.57
glavata zelva,Mljet,zenka,meduze,juvenilna,zdrava,2024,24.3,17,174,3160,51.6
glavata zelva,Mljet,zenka,meduze,juvenilna,zdrava,2024,28.7,14.1,173,3090,50.9
glavata zelva,Mljet,zenka,meduze,juvenilna,pothranjena,2024,20.8,14.8,159,2731,47.31
glavata zelva,Mljet,zenka,meduze,juvenilna,zdrava,2024,28.4,14.8,166,3145,51.45
glavata zelva,Mljet,zenka,meduze,juvenilna,zdrava,2024,27.3,13.8,175,3007,50.07
glavata zelva,Mljet,zenka,meduze,juvenilna,ozlijedjena,2024,39.1,14.4,185,3227,52.27
glavata zelva,Mljet,zenka,meduze,juvenilna,ozlijedjena,2024,28.2,15.3,166,3284,52.84
glavata zelva,Mljet,zenka,meduze,juvenilna,pothranjena,2024,32,13.1,157,2678,46.78
glavata zelva,Mljet,zenka,meduze,juvenilna,zdrava,2024,37.3,11.7,174,3153,51.53
glavata zelva,Mljet,zenka,meduze,juvenilna,ozlijedjena,2024,19.6,16.8,167,3327,53.27
glavata zelva,Mljet,zenka,meduze,juvenilna,zdrava,2024,31.2,15.6,178,3042,50.42
glavata zelva,Mljet,zenka,meduze,juvenilna,zdrava,2024,25,11.3,162,3138,51.38
glavata zelva,Mljet,zenka,meduze,juvenilna,zdrava,2024,25.1,15.8,156,3045,50.45
glavata zelva,Mljet,muzjak,meduze,juvenilna,ozlijedjena,2024,28.7,15.2,203,3860,58.6
glavata zelva,Mljet,muzjak,meduze,juvenilna,pothranjena,2024,27.8,14.7,176,3108,51.08
glavata zelva,Mljet,muzjak,meduze,juvenilna,zdrava,2024,39.1,13.5,207,3598,55.98
glavata zelva,Mljet,muzjak,meduze,juvenilna,ozlijedjena,2024,48.6,14.4,178,3868,58.68
glavata zelva,Mljet,muzjak,meduze,juvenilna,pothranjena,2024,37.3,13.3,187,3323,53.23
glavata zelva,Mljet,muzjak,meduze,juvenilna,pothranjena,2024,27.4,16.5,184,3379,53.79
glavata zelva,Mljet,muzjak,meduze,juvenilna,ozlijedjena,2024,28.3,18.4,186,4125,61.25
glavata zelva,Mljet,muzjak,meduze,juvenilna,pothranjena,2024,37.9,15.7,183,3257,52.57
glavata zelva,Mljet,muzjak,meduze,juvenilna,ozlijedjena,2024,31.3,16.9,197,3825,58.25
glavata zelva,Mljet,muzjak,meduze,juvenilna,ozlijedjena,2024,27.2,15.3,203,3811,58.11
glavata zelva,Mljet,muzjak,meduze,juvenilna,zdrava,2024,42.2,14.6,188,3694,56.94
glavata zelva,Mljet,muzjak,meduze,juvenilna,ozlijedjena,2024,40,17.9,188,3902,59.02
glavata zelva,Mljet,muzjak,meduze,juvenilna,zdrava,2024,25.7,16.2,199,3490,54.9
glavata zelva,Mljet,muzjak,meduze,juvenilna,zdrava,2024,35.2,17.8,188,3552,55.52
glavata zelva,Mljet,muzjak,meduze,juvenilna,zdrava,2024,37.5,18.7,199,3480,54.8
glavata zelva,Mljet,muzjak,meduze,juvenilna,zdrava,2024,34.6,18.7,191,3581,55.81
glavata zelva,Mljet,muzjak,meduze,juvenilna,ozlijedjena,2024,38,17.4,185,4161,61.61
glavata zelva,Mljet,muzjak,meduze,juvenilna,zdrava,2024,27.4,15.5,189,3664,56.64
glavata zelva,Mljet,muzjak,meduze,juvenilna,zdrava,2024,26.4,13.6,207,3653,56.53
glavata zelva,Mljet,muzjak,meduze,juvenilna,pothranjena,2024,38.4,18,187,3049,50.49
glavata zelva,Mljet,muzjak,meduze,juvenilna,zdrava,2024,32.8,11.6,182,3572,55.72
glavata zelva,Mljet,muzjak,meduze,juvenilna,zdrava,2024,36.1,14.5,211,3479,54.79
glavata zelva,Mljet,zenka,lignje,odrasla,ozlijedjena,2024,41.8,18.4,224,5171,71.71
glavata zelva,Mljet,zenka,lignje,odrasla,zdrava,2024,39.1,18,189,4922,69.22
glavata zelva,Mljet,muzjak,lignje,odrasla,zdrava,2024,51.8,20,239,5157,71.57
glavata zelva,Mljet,muzjak,lignje,odrasla,pothranjena,2024,53.8,18.5,213,4532,65.32
glavata zelva,Mljet,muzjak,lignje,subadultna,ozlijedjena,2024,47.2,18.3,190,6216,82.16
glavata zelva,Mljet,muzjak,lignje,odrasla,zdrava,2024,55.5,23.7,244,5130,71.3
glavata zelva,Mljet,muzjak,lignje,odrasla,zdrava,2024,44.1,21.1,232,5219,72.19
glavata zelva,Lastovo,zenka,riba,subadultna,zdrava,2024,48.3,19.6,203,4202,62.02
glavata zelva,Lastovo,zenka,riba,subadultna,ozlijedjena,2024,56.2,16,194,4854,68.54
glavata zelva,Lastovo,zenka,riba,subadultna,ozlijedjena,2024,51.7,16.2,213,4856,68.56
glavata zelva,Lastovo,zenka,riba,odrasla,zdrava,2024,66,16.4,246,4819,68.19
glavata zelva,Lastovo,zenka,riba,subadultna,ozlijedjena,2024,46.6,19.1,213,5626,76.26
glavata zelva,Lastovo,zenka,riba,odrasla,ozlijedjena,2024,54.9,19.3,237,5424,74.24
glavata zelva,Lastovo,zenka,riba,odrasla,ozlijedjena,2024,48.3,21.3,207,6426,84.26
glavata zelva,Lastovo,zenka,riba,odrasla,ozlijedjena,2024,66.4,18.1,257,5146,71.46
glavata zelva,Lastovo,zenka,riba,subadultna,ozlijedjena,2024,33.3,15.7,263,4979,69.79
glavata zelva,Lastovo,zenka,riba,odrasla,ozlijedjena,2024,55.4,20.5,223,5438,74.38
glavata zelva,Lastovo,muzjak,riba,odrasla,zdrava,2024,65,19.4,256,5920,79.2
glavata zelva,Lastovo,muzjak,riba,subadultna,ozlijedjena,2024,35.8,18.9,240,5470,74.7
glavata zelva,Lastovo,muzjak,riba,subadultna,ozlijedjena,2024,53.7,16.6,219,5711,77.11
glavata zelva,Lastovo,muzjak,riba,odrasla,ozlijedjena,2024,48.6,18.4,258,7273,92.73
glavata zelva,Lastovo,muzjak,riba,odrasla,ozlijedjena,2024,65.9,23.8,254,6318,83.18
glavata zelva,Lastovo,muzjak,riba,odrasla,zdrava,2024,78.4,18.9,259,5445,74.45
glavata zelva,Lastovo,muzjak,riba,subadultna,ozlijedjena,2024,46.7,16.8,228,5368,73.68
glavata zelva,Lastovo,muzjak,riba,subadultna,ozlijedjena,2024,50.7,15.8,256,5228,72.28
glavata zelva,Lastovo,muzjak,kril,subadultna,zdrava,2024,30,21.8,197,4685,66.85
glavata zelva,Lastovo,muzjak,kril,odrasla,pothranjena,2024,37,18.6,213,4592,65.92
glavata zelva,Lastovo,zenka,kril,odrasla,pothranjena,2024,41.4,19.3,182,3983,59.83
glavata zelva,Lastovo,zenka,kril,subadultna,pothranjena,2024,26.2,21.4,187,3548,55.48
glavata zelva,Lastovo,zenka,kril,subadultna,zdrava,2024,19.6,15.9,169,3981,59.81
glavata zelva,Lastovo,zenka,kril,odrasla,ozlijedjena,2024,23.6,18.2,216,5734,77.34
glavata zelva,Lastovo,zenka,kril,odrasla,pothranjena,2024,28.4,19.1,204,3741,57.41
glavata zelva,Lastovo,zenka,kril,subadultna,pothranjena,2024,31.3,15.7,187,3346,53.46
glavata zelva,Lastovo,zenka,kril,odrasla,pothranjena,2024,29.8,23.4,198,3842,58.42
glavata zelva,Lastovo,zenka,kril,subadultna,pothranjena,2024,26.6,19,202,3403,54.03
glavata zelva,Lastovo,zenka,kril,subadultna,zdrava,2024,25.2,18.4,191,3861,58.61
glavata zelva,Lastovo,zenka,kril,subadultna,zdrava,2024,31.8,21.2,155,3879,58.79
glavata zelva,Lastovo,zenka,kril,subadultna,pothranjena,2024,27.1,20.4,178,3665,56.65
glavata zelva,Lastovo,zenka,kril,subadultna,pothranjena,2024,30.8,17.2,179,3413,54.13
glavata zelva,Lastovo,zenka,kril,subadultna,zdrava,2024,21.2,16.4,187,3960,59.6
glavata zelva,Lastovo,zenka,kril,subadultna,zdrava,2024,21.3,16.4,181,4037,60.37
glavata zelva,Lastovo,zenka,kril,subadultna,zdrava,2024,32.4,15.9,165,3792,57.92
glavata zelva,Lastovo,zenka,kril,subadultna,zdrava,2024,34,16.6,191,4299,62.99
glavata zelva,Lastovo,zenka,kril,subadultna,pothranjena,2024,27.9,16,172,3122,51.22
glavata zelva,Lastovo,zenka,kril,odrasla,pothranjena,2024,35.4,16.7,207,4026,60.26
glavata zelva,Lastovo,zenka,kril,subadultna,ozlijedjena,2024,25.6,12.2,186,4508,65.08
glavata zelva,Lastovo,zenka,kril,subadultna,zdrava,2024,24.2,19.1,179,4040,60.4
glavata zelva,Lastovo,zenka,kril,odrasla,zdrava,2024,22,13.7,187,4630,66.3
glavata zelva,Lastovo,zenka,kril,subadultna,zdrava,2024,28.4,17.7,172,3923,59.23
glavata zelva,Lastovo,zenka,kril,subadultna,ozlijedjena,2024,31.8,18.9,175,4698,66.98
glavata zelva,Lastovo,zenka,kril,subadultna,zdrava,2024,25.7,17.9,199,3765,57.65
glavata zelva,Lastovo,zenka,kril,odrasla,zdrava,2024,30.6,18.7,209,4706,67.06
glavata zelva,Lastovo,muzjak,kril,odrasla,zdrava,2024,35.8,20.3,211,5245,72.45
glavata zelva,Lastovo,muzjak,kril,subadultna,pothranjena,2024,32.4,17.6,195,4325,63.25
glavata zelva,Lastovo,muzjak,kril,subadultna,pothranjena,2024,29.9,16.6,193,3932,59.32
glavata zelva,Lastovo,muzjak,kril,subadultna,pothranjena,2024,30.2,19.7,169,3705,57.05
glavata zelva,Lastovo,muzjak,kril,odrasla,zdrava,2024,27.6,19.9,204,5210,72.1
glavata zelva,Lastovo,muzjak,kril,subadultna,pothranjena,2024,33.5,18.6,176,4418,64.18
glavata zelva,Lastovo,muzjak,kril,odrasla,pothranjena,2024,31,19.3,221,4589,65.89
glavata zelva,Lastovo,muzjak,kril,subadultna,pothranjena,2024,18.4,17.9,176,4277,62.77
glavata zelva,Lastovo,muzjak,kril,subadultna,zdrava,2024,35,19.9,192,4937,69.37
glavata zelva,Lastovo,muzjak,kril,odrasla,zdrava,2024,23.8,19.1,232,5408,74.08
glavata zelva,Lastovo,muzjak,kril,odrasla,pothranjena,2024,36,18.1,246,4476,64.76
glavata zelva,Lastovo,muzjak,kril,subadultna,zdrava,2024,26.2,19.2,205,4923,69.23
glavata zelva,Lastovo,muzjak,kril,subadultna,zdrava,2024,27.3,21.4,216,4837,68.37
glavata zelva,Lastovo,muzjak,kril,subadultna,zdrava,2024,35.2,18,202,4898,68.98
glavata zelva,Lastovo,muzjak,kril,subadultna,pothranjena,2024,30.1,14.3,163,4142,61.42
glavata zelva,Lastovo,muzjak,kril,subadultna,pothranjena,2024,18.8,18.6,197,4198,61.98
glavata zelva,Lastovo,muzjak,kril,subadultna,pothranjena,2024,27.6,22.5,191,4053,60.53
glavata zelva,Lastovo,muzjak,kril,subadultna,zdrava,2024,29,16.2,200,4942,69.42
glavata zelva,Lastovo,muzjak,kril,subadultna,zdrava,2024,30.2,16.1,206,4529,65.29
glavata zelva,Lastovo,muzjak,kril,subadultna,zdrava,2024,28.6,18.6,197,4912,69.12
glavata zelva,Lastovo,muzjak,kril,subadultna,pothranjena,2024,37,18.9,196,4276,62.76
glavata zelva,Lastovo,muzjak,kril,subadultna,zdrava,2024,29.6,19.1,182,4816,68.16
glavata zelva,Lastovo,muzjak,kril,odrasla,pothranjena,2024,27.8,21.6,225,5063,70.63
glavata zelva,Lastovo,muzjak,kril,subadultna,ozlijedjena,2024,25.8,17.7,218,5392,73.92
glavata zelva,Lastovo,muzjak,kril,subadultna,pothranjena,2024,23.4,17.7,209,4263,62.63
glavata zelva,Lastovo,muzjak,kril,subadultna,zdrava,2024,29.5,17.3,204,4979,69.79
glavata zelva,Lastovo,muzjak,kril,subadultna,pothranjena,2024,33.7,15,190,4382,63.82
glavata zelva,Lastovo,muzjak,kril,subadultna,zdrava,2024,28.3,16.9,198,4692,66.92
glavata zelva,Lastovo,muzjak,kril,subadultna,zdrava,2024,22.4,19.7,188,4568,65.68
glavata zelva,Lastovo,muzjak,kril,subadultna,zdrava,2024,25.2,20.3,209,4853,68.53
glavata zelva,Lastovo,muzjak,kril,odrasla,zdrava,2024,31.3,19,236,5498,74.98
glavata zelva,Lastovo,muzjak,kril,odrasla,pothranjena,2024,29.2,17.5,232,4941,69.41
glavata zelva,Lastovo,muzjak,kril,subadultna,pothranjena,2024,23.5,18.5,179,4297,62.97
glavata zelva,Lastovo,muzjak,kril,subadultna,pothranjena,2024,25.9,15.4,215,4433,64.33
glavata zelva,Lastovo,muzjak,kril,subadultna,zdrava,2024,28.4,19.3,193,4789,67.89
glavata zelva,Lastovo,muzjak,kril,subadultna,pothranjena,2024,27.6,17.5,221,4390,63.9
glavata zelva,Lastovo,muzjak,kril,subadultna,zdrava,2024,34.2,15.4,183,4943,69.43
glavata zelva,Lastovo,muzjak,kril,subadultna,zdrava,2024,33.6,19.4,209,4545,65.45
glavata zelva,Lastovo,muzjak,kril,subadultna,pothranjena,2024,31.7,18,231,4358,63.58
glavata zelva,Lastovo,muzjak,kril,odrasla,zdrava,2024,48.1,17.6,207,5155,71.55
glavata zelva,Lastovo,zenka,meduze,juvenilna,zdrava,2024,28.1,11.9,172,3060,50.6
glavata zelva,Lastovo,zenka,meduze,juvenilna,zdrava,2024,27.1,15.6,185,3122,51.22
glavata zelva,Lastovo,zenka,meduze,juvenilna,zdrava,2024,30.6,14.1,156,2961,49.61
glavata zelva,Lastovo,zenka,meduze,juvenilna,zdrava,2024,33.9,15.2,156,2856,48.56
glavata zelva,Lastovo,zenka,meduze,juvenilna,zdrava,2024,30.9,14.5,173,3167,51.67
glavata zelva,Lastovo,zenka,meduze,juvenilna,zdrava,2024,24.5,12.7,172,3066,50.66
glavata zelva,Lastovo,zenka,meduze,juvenilna,pothranjena,2024,33.8,14.4,185,2477,44.77
glavata zelva,Lastovo,zenka,meduze,juvenilna,ozlijedjena,2024,34.7,16,160,3385,53.85
glavata zelva,Lastovo,zenka,meduze,juvenilna,zdrava,2024,25.6,14.5,159,3148,51.48
glavata zelva,Lastovo,zenka,meduze,juvenilna,zdrava,2024,34.8,14,189,2924,49.24
glavata zelva,Lastovo,zenka,meduze,juvenilna,zdrava,2024,30.6,11,170,3121,51.21
glavata zelva,Lastovo,zenka,meduze,juvenilna,zdrava,2024,32.4,13.2,162,3084,50.84
glavata zelva,Lastovo,zenka,meduze,juvenilna,zdrava,2024,32.5,13.5,177,3099,50.99
glavata zelva,Lastovo,zenka,meduze,juvenilna,zdrava,2024,31.4,16.7,150,2826,48.26
glavata zelva,Lastovo,muzjak,meduze,juvenilna,zdrava,2024,30.9,15,190,3635,56.35
glavata zelva,Lastovo,muzjak,meduze,juvenilna,ozlijedjena,2024,33.4,13.8,184,3902,59.02
glavata zelva,Lastovo,muzjak,meduze,juvenilna,zdrava,2024,31.6,17.7,190,3647,56.47
glavata zelva,Lastovo,muzjak,meduze,juvenilna,zdrava,2024,32.7,17.7,188,3668,56.68
glavata zelva,Lastovo,muzjak,meduze,juvenilna,zdrava,2024,36.3,19.2,182,3414,54.14
glavata zelva,Lastovo,muzjak,meduze,juvenilna,pothranjena,2024,35.2,16.5,191,3293,52.93
glavata zelva,Lastovo,muzjak,meduze,juvenilna,zdrava,2024,35,17,191,3425,54.25
glavata zelva,Lastovo,muzjak,meduze,juvenilna,zdrava,2024,37.7,13.1,182,3490,54.9
glavata zelva,Lastovo,muzjak,meduze,juvenilna,ozlijedjena,2024,32.9,14.9,204,4075,60.75
glavata zelva,Lastovo,muzjak,meduze,juvenilna,zdrava,2024,27.6,13.7,179,3771,57.71
glavata zelva,Lastovo,muzjak,meduze,juvenilna,zdrava,2024,31.1,13.1,198,3548,55.48
glavata zelva,Lastovo,muzjak,meduze,juvenilna,ozlijedjena,2024,33.7,17.1,179,3926,59.26
glavata zelva,Lastovo,muzjak,meduze,juvenilna,ozlijedjena,2024,27.8,17.3,187,3893,58.93
glavata zelva,Lastovo,muzjak,meduze,juvenilna,ozlijedjena,2024,30.5,14.2,195,3945,59.45
glavata zelva,Lastovo,muzjak,meduze,juvenilna,pothranjena,2024,39.3,17.8,186,3394,53.94
glavata zelva,Lastovo,muzjak,meduze,juvenilna,zdrava,2024,27.7,13.5,169,3467,54.67
glavata zelva,Lastovo,zenka,lignje,odrasla,zdrava,2024,32.4,22,214,4452,64.52
glavata zelva,Lastovo,zenka,lignje,odrasla,zdrava,2024,32.2,19.8,219,4437,64.37
glavata zelva,Lastovo,zenka,lignje,subadultna,zdrava,2024,31.8,19.3,197,3749,57.49
glavata zelva,Lastovo,zenka,lignje,odrasla,zdrava,2024,42.7,20,218,4866,68.66
glavata zelva,Lastovo,zenka,lignje,subadultna,ozlijedjena,2024,33.4,14.8,193,4527,65.27
glavata zelva,Lastovo,zenka,lignje,odrasla,ozlijedjena,2024,33.6,20.9,216,5069,70.69
glavata zelva,Lastovo,zenka,lignje,subadultna,ozlijedjena,2024,32.7,17.8,166,4603,66.03
glavata zelva,Lastovo,zenka,lignje,odrasla,pothranjena,2024,56.7,17,206,4030,60.3
glavata zelva,Lastovo,muzjak,lignje,odrasla,ozlijedjena,2024,46.1,18.8,254,6131,81.31
glavata zelva,Lastovo,muzjak,lignje,subadultna,zdrava,2024,34.4,23.3,207,4929,69.29
glavata zelva,Vis,zenka,riba,odrasla,ozlijedjena,2024,54.2,15,229,6385,83.85
glavata zelva,Vis,zenka,riba,odrasla,ozlijedjena,2024,50.6,19,227,6729,87.29
glavata zelva,Vis,zenka,riba,subadultna,ozlijedjena,2024,42.2,20,202,4654,66.54
glavata zelva,Vis,zenka,riba,subadultna,ozlijedjena,2024,44.4,16.2,204,4540,65.4
glavata zelva,Vis,zenka,riba,odrasla,zdrava,2024,56.3,18,220,4289,62.89
glavata zelva,Vis,zenka,riba,subadultna,zdrava,2024,41.1,15.9,202,4270,62.7
glavata zelva,Vis,zenka,riba,odrasla,ozlijedjena,2024,50,20.7,228,5835,78.35
glavata zelva,Vis,zenka,riba,odrasla,ozlijedjena,2024,49,19.8,254,5244,72.44
glavata zelva,Vis,zenka,riba,odrasla,ozlijedjena,2024,58.1,20.1,244,5567,75.67
glavata zelva,Vis,zenka,riba,odrasla,ozlijedjena,2024,45.5,18.6,258,5120,71.2
glavata zelva,Vis,zenka,riba,odrasla,ozlijedjena,2024,49.6,22.5,211,5684,76.84
glavata zelva,Vis,zenka,riba,odrasla,zdrava,2024,55,18.4,239,4374,63.74
glavata zelva,Vis,zenka,riba,odrasla,ozlijedjena,2024,44.4,20.8,237,5454,74.54
glavata zelva,Vis,zenka,riba,odrasla,ozlijedjena,2024,61.6,14.8,236,5825,78.25
glavata zelva,Vis,zenka,riba,subadultna,ozlijedjena,2024,51.5,16.9,190,5184,71.84
glavata zelva,Vis,zenka,riba,subadultna,ozlijedjena,2024,53.9,16.1,210,4896,68.96
glavata zelva,Vis,zenka,riba,odrasla,ozlijedjena,2024,50.2,19.2,221,6041,80.41
glavata zelva,Vis,zenka,riba,odrasla,zdrava,2024,51.5,15.8,237,4856,68.56
glavata zelva,Vis,zenka,riba,subadultna,ozlijedjena,2024,45.4,20.3,221,5057,70.57
glavata zelva,Vis,zenka,riba,subadultna,ozlijedjena,2024,44.1,17.3,237,4876,68.76
glavata zelva,Vis,zenka,riba,odrasla,ozlijedjena,2024,46.9,23.5,219,6284,82.84
glavata zelva,Vis,zenka,riba,subadultna,ozlijedjena,2024,37.2,18.6,221,4817,68.17
glavata zelva,Vis,zenka,riba,subadultna,ozlijedjena,2024,42.1,17.5,207,4601,66.01
glavata zelva,Vis,muzjak,riba,subadultna,ozlijedjena,2024,48.7,18,230,6069,80.69
glavata zelva,Vis,muzjak,riba,odrasla,ozlijedjena,2024,71.3,21.6,261,6220,82.2
glavata zelva,Vis,muzjak,riba,subadultna,ozlijedjena,2024,52.9,22.9,232,5463,74.63
glavata zelva,Vis,muzjak,riba,subadultna,ozlijedjena,2024,46.5,16.4,237,6146,81.46
glavata zelva,Vis,muzjak,riba,subadultna,ozlijedjena,2024,48.1,18.8,211,5638,76.38
glavata zelva,Vis,muzjak,riba,subadultna,ozlijedjena,2024,62,18.1,263,5304,73.04
glavata zelva,Vis,muzjak,riba,odrasla,ozlijedjena,2024,44.4,21.7,263,6603,86.03
glavata zelva,Vis,muzjak,riba,odrasla,ozlijedjena,2024,63.9,24.7,259,6959,89.59
glavata zelva,Vis,muzjak,riba,subadultna,zdrava,2024,50.7,17.7,236,4806,68.06
glavata zelva,Vis,muzjak,riba,subadultna,zdrava,2024,38.2,16.7,229,4924,69.24
glavata zelva,Vis,muzjak,riba,odrasla,ozlijedjena,2024,57.7,25.1,250,6709,87.09
glavata zelva,Vis,muzjak,riba,subadultna,ozlijedjena,2024,57.7,19.1,233,5515,75.15
glavata zelva,Vis,muzjak,riba,odrasla,ozlijedjena,2024,58.4,20,248,6579,85.79
glavata zelva,Vis,muzjak,riba,subadultna,ozlijedjena,2024,55.4,15.7,227,5246,72.46
glavata zelva,Vis,muzjak,riba,subadultna,ozlijedjena,2024,44.1,14.3,235,5400,74
glavata zelva,Vis,muzjak,riba,subadultna,ozlijedjena,2024,59.5,21.7,245,5816,78.16
glavata zelva,Vis,muzjak,riba,odrasla,ozlijedjena,2024,56.3,18,247,6528,85.28
glavata zelva,Vis,muzjak,riba,subadultna,ozlijedjena,2024,41.3,18.4,253,5545,75.45
glavata zelva,Vis,muzjak,riba,subadultna,zdrava,2024,62.8,15.7,238,4813,68.13
glavata zelva,Vis,muzjak,riba,subadultna,ozlijedjena,2024,51,20,250,5539,75.39
glavata zelva,Vis,muzjak,riba,subadultna,ozlijedjena,2024,51.5,16.6,224,5773,77.73
glavata zelva,Vis,muzjak,riba,subadultna,ozlijedjena,2024,55.9,16.3,227,5527,75.27
glavata zelva,Vis,zenka,kril,subadultna,ozlijedjena,2024,28.2,14.4,177,4312,63.12
glavata zelva,Vis,zenka,kril,subadultna,ozlijedjena,2024,31.3,20.5,166,4347,63.47
glavata zelva,Vis,zenka,kril,odrasla,zdrava,2024,27.3,19.1,196,4217,62.17
glavata zelva,Vis,zenka,kril,subadultna,zdrava,2024,31.2,16.2,185,3972,59.72
glavata zelva,Vis,muzjak,kril,subadultna,zdrava,2024,32.9,13.9,188,4750,67.5
glavata zelva,Vis,zenka,kril,subadultna,zdrava,2024,27.8,17.1,185,3845,58.45
glavata zelva,Vis,zenka,kril,subadultna,zdrava,2024,27.9,14.4,186,3996,59.96
glavata zelva,Vis,zenka,kril,subadultna,pothranjena,2024,29.8,15,183,3629,56.29
glavata zelva,Vis,zenka,kril,subadultna,pothranjena,2024,25.2,20.4,167,3492,54.92
glavata zelva,Vis,zenka,kril,subadultna,zdrava,2024,28.1,16.2,173,3715,57.15
glavata zelva,Vis,zenka,kril,odrasla,zdrava,2024,27,19.1,183,4551,65.51
glavata zelva,Vis,zenka,kril,subadultna,zdrava,2024,25.3,18.1,171,3824,58.24
glavata zelva,Vis,zenka,kril,subadultna,zdrava,2024,24.1,16.7,159,4176,61.76
glavata zelva,Vis,zenka,kril,odrasla,zdrava,2024,25.2,21.7,191,4476,64.76
glavata zelva,Vis,zenka,kril,subadultna,zdrava,2024,26.2,15.5,177,4028,60.28
glavata zelva,Vis,zenka,kril,odrasla,ozlijedjena,2024,18,18.1,183,5731,77.31
glavata zelva,Vis,zenka,kril,subadultna,pothranjena,2024,27.9,16.2,177,3562,55.62
glavata zelva,Vis,zenka,kril,subadultna,zdrava,2024,30.2,15.4,184,3761,57.61
glavata zelva,Vis,zenka,kril,subadultna,ozlijedjena,2024,27.7,15.2,185,4306,63.06
glavata zelva,Vis,zenka,kril,odrasla,ozlijedjena,2024,34.5,19.1,207,5013,70.13
glavata zelva,Vis,zenka,kril,odrasla,zdrava,2024,27.4,21.7,192,4468,64.68
glavata zelva,Vis,zenka,kril,subadultna,pothranjena,2024,26,14.6,171,3372,53.72
glavata zelva,Vis,zenka,kril,subadultna,pothranjena,2024,24.6,16.6,175,3415,54.15
glavata zelva,Vis,zenka,kril,subadultna,zdrava,2024,38.4,18.5,170,3777,57.77
glavata zelva,Vis,zenka,kril,subadultna,zdrava,2024,13.6,21,196,3778,57.78
glavata zelva,Vis,muzjak,kril,odrasla,pothranjena,2024,38.9,21.9,195,3994,59.94
glavata zelva,Vis,muzjak,kril,subadultna,pothranjena,2024,27.2,16.9,218,4457,64.57
glavata zelva,Vis,muzjak,kril,subadultna,ozlijedjena,2024,30.1,19.7,199,5656,76.56
glavata zelva,Vis,muzjak,kril,odrasla,pothranjena,2024,33.3,19.9,232,5086,70.86
glavata zelva,Vis,muzjak,kril,odrasla,ozlijedjena,2024,32.1,24,212,6122,81.22
glavata zelva,Vis,muzjak,kril,subadultna,zdrava,2024,30.2,18.1,233,4737,67.37
glavata zelva,Vis,muzjak,kril,subadultna,pothranjena,2024,38.8,18.2,181,4110,61.1
glavata zelva,Vis,muzjak,kril,odrasla,zdrava,2024,34.5,16,208,5813,78.13
glavata zelva,Vis,muzjak,kril,subadultna,zdrava,2024,27.2,19.4,189,4672,66.72
glavata zelva,Vis,muzjak,kril,subadultna,zdrava,2024,40.4,16.4,188,4662,66.62
glavata zelva,Vis,muzjak,kril,subadultna,pothranjena,2024,29,16.9,206,3961,59.61
glavata zelva,Vis,muzjak,kril,odrasla,pothranjena,2024,26.1,23.3,187,4764,67.64
glavata zelva,Vis,muzjak,kril,subadultna,pothranjena,2024,26.6,17.9,189,4323,63.23
glavata zelva,Vis,muzjak,kril,subadultna,pothranjena,2024,28.7,16.9,209,4489,64.89
glavata zelva,Vis,muzjak,kril,subadultna,zdrava,2024,24.6,18.3,192,4897,68.97
glavata zelva,Vis,muzjak,kril,odrasla,zdrava,2024,32.3,20.4,214,5465,74.65
glavata zelva,Vis,muzjak,kril,odrasla,pothranjena,2024,36.6,20.5,215,4973,69.73
glavata zelva,Vis,muzjak,kril,odrasla,pothranjena,2024,31.2,17.7,227,4085,60.85
glavata zelva,Vis,muzjak,kril,subadultna,ozlijedjena,2024,25.3,17.7,208,5270,72.7
glavata zelva,Vis,muzjak,kril,odrasla,ozlijedjena,2024,35.9,20,218,6305,83.05
glavata zelva,Vis,muzjak,kril,odrasla,pothranjena,2024,29.6,21.4,189,4484,64.84
glavata zelva,Vis,muzjak,kril,odrasla,pothranjena,2024,27.8,17.8,199,5071,70.71
glavata zelva,Vis,muzjak,kril,odrasla,zdrava,2024,38.5,22,228,5493,74.93
glavata zelva,Vis,muzjak,kril,subadultna,ozlijedjena,2024,24.9,21.2,208,5116,71.16
glavata zelva,Vis,muzjak,kril,subadultna,zdrava,2024,31.9,17,185,4881,68.81
glavata zelva,Vis,muzjak,kril,odrasla,zdrava,2024,30.6,20.3,216,5539,75.39
glavata zelva,Vis,zenka,meduze,juvenilna,zdrava,2024,25.5,12.4,173,3182,51.82
glavata zelva,Vis,zenka,meduze,juvenilna,zdrava,2024,36.1,18.2,150,3068,50.68
glavata zelva,Vis,zenka,meduze,juvenilna,zdrava,2024,38.5,14.3,167,3075,50.75
glavata zelva,Vis,zenka,meduze,juvenilna,zdrava,2024,28,18.2,187,3007,50.07
glavata zelva,Vis,zenka,meduze,juvenilna,zdrava,2024,30.6,12.8,185,2923,49.23
glavata zelva,Vis,zenka,meduze,juvenilna,pothranjena,2024,26.9,16.9,178,2730,47.3
glavata zelva,Vis,zenka,meduze,juvenilna,pothranjena,2024,23.7,17.7,188,2765,47.65
glavata zelva,Vis,zenka,meduze,juvenilna,zdrava,2024,24.4,17.5,167,2923,49.23
glavata zelva,Vis,zenka,meduze,juvenilna,zdrava,2024,24.5,15.8,169,2976,49.76
glavata zelva,Vis,zenka,meduze,juvenilna,zdrava,2024,36.2,17,167,2806,48.06
glavata zelva,Vis,zenka,meduze,juvenilna,pothranjena,2024,32.2,15.9,176,2792,47.92
glavata zelva,Vis,zenka,meduze,juvenilna,zdrava,2024,25.2,12.9,199,2927,49.27
glavata zelva,Vis,muzjak,meduze,juvenilna,zdrava,2024,28,16.4,189,3682,56.82
glavata zelva,Vis,muzjak,meduze,juvenilna,pothranjena,2024,22.8,13.2,174,3384,53.84
glavata zelva,Vis,muzjak,meduze,juvenilna,ozlijedjena,2024,32.8,14.7,177,4050,60.5
glavata zelva,Vis,muzjak,meduze,juvenilna,zdrava,2024,21.7,19.8,187,3497,54.97
glavata zelva,Vis,muzjak,meduze,juvenilna,zdrava,2024,38.5,12.7,194,3580,55.8
glavata zelva,Vis,muzjak,meduze,juvenilna,zdrava,2024,34.6,17.5,181,3596,55.96
glavata zelva,Vis,muzjak,meduze,juvenilna,pothranjena,2024,34.4,14.2,196,3188,51.88
glavata zelva,Vis,muzjak,meduze,juvenilna,zdrava,2024,30.7,15.7,187,3760,57.6
glavata zelva,Vis,muzjak,meduze,juvenilna,ozlijedjena,2024,39.9,12,188,3814,58.14
glavata zelva,Vis,muzjak,meduze,juvenilna,pothranjena,2024,37.5,15.2,187,3340,53.4
glavata zelva,Vis,muzjak,meduze,juvenilna,zdrava,2024,21.8,18.6,167,3563,55.63
glavata zelva,Vis,muzjak,meduze,juvenilna,zdrava,2024,37.4,15,165,3402,54.02
glavata zelva,Vis,muzjak,meduze,juvenilna,zdrava,2024,35.4,19,199,3673,56.73
glavata zelva,Vis,muzjak,meduze,juvenilna,ozlijedjena,2024,30.9,15.7,187,4120,61.2
glavata zelva,Vis,muzjak,meduze,juvenilna,ozlijedjena,2024,32.4,11.1,166,4005,60.05
glavata zelva,Vis,muzjak,meduze,juvenilna,zdrava,2024,35.1,16.3,190,3573,55.73
glavata zelva,Vis,muzjak,meduze,juvenilna,zdrava,2024,43.1,16.2,177,3740,57.4
glavata zelva,Vis,muzjak,meduze,juvenilna,pothranjena,2024,29.2,12.3,191,3220,52.2
glavata zelva,Vis,zenka,lignje,odrasla,zdrava,2024,39.4,18,226,4864,68.64
glavata zelva,Vis,zenka,lignje,subadultna,zdrava,2024,36.6,16.3,216,4249,62.49
glavata zelva,Vis,zenka,lignje,subadultna,zdrava,2024,27.5,15.3,198,4036,60.36
glavata zelva,Vis,muzjak,lignje,odrasla,pothranjena,2024,46,20,238,5080,70.8
glavata zelva,Vis,muzjak,lignje,odrasla,zdrava,2024,48.2,17.5,232,5773,77.73
glavata zelva,Vis,muzjak,lignje,subadultna,zdrava,2024,36.3,16.6,255,4688,66.88